"path","name","reachable_count"
"C:\github\HugoLab\static\htm\index.html","index.html","574"
"C:\github\HugoLab\static\htm\index.htm","index.htm","454"
"C:\github\HugoLab\static\htm\partier.htm","partier.htm","171"
"C:\github\HugoLab\static\htm\schackstudier.htm","schackstudier.htm","162"
"C:\github\HugoLab\static\htm\schackproblem.htm","schackproblem.htm","162"
"C:\github\HugoLab\static\htm\arkivet.htm","arkivet.htm","113"
"C:\github\HugoLab\static\htm\lagmatch_gbg_2017.htm","lagmatch_gbg_2017.htm","1"
"C:\github\HugoLab\static\htm\samuelssonring.htm","samuelssonring.htm","0"
"C:\github\HugoLab\static\htm\samuelssonnorgren.htm","samuelssonnorgren.htm","0"
"C:\github\HugoLab\static\htm\Salvio.htm","Salvio.htm","0"
"C:\github\HugoLab\static\htm\sahlinpersson.htm","sahlinpersson.htm","0"
"C:\github\HugoLab\static\htm\samuelssonagrest.htm","samuelssonagrest.htm","0"
"C:\github\HugoLab\static\htm\samuelssonandersson.htm","samuelssonandersson.htm","0"
"C:\github\HugoLab\static\htm\samuelssonalgars.htm","samuelssonalgars.htm","0"
"C:\github\HugoLab\static\htm\semcesengrandelius.htm","semcesengrandelius.htm","0"
"C:\github\HugoLab\static\htm\Selesniev_new.htm","Selesniev_new.htm","0"
"C:\github\HugoLab\static\htm\sgsyngve.htm","sgsyngve.htm","0"
"C:\github\HugoLab\static\htm\seniorserien_damslutspel.htm","seniorserien_damslutspel.htm","0"
"C:\github\HugoLab\static\htm\sheet001.htm","sheet001.htm","0"
"C:\github\HugoLab\static\htm\samuelssonskur.htm","samuelssonskur.htm","0"
"C:\github\HugoLab\static\htm\Selesniev_1927.htm","Selesniev_1927.htm","0"
"C:\github\HugoLab\static\htm\schredder_test.htm","schredder_test.htm","0"
"C:\github\HugoLab\static\htm\rombaldoni.htm","rombaldoni.htm","0"
"C:\github\HugoLab\static\htm\romanlab1.htm","romanlab1.htm","0"
"C:\github\HugoLab\static\htm\rondlista_KM_2018.htm","rondlista_KM_2018.htm","0"
"C:\github\HugoLab\static\htm\rondlistaH2015.html","rondlistaH2015.html","0"
"C:\github\HugoLab\static\htm\ringveine1.html","ringveine1.html","0"
"C:\github\HugoLab\static\htm\ringveine.htm","ringveine.htm","0"
"C:\github\HugoLab\static\htm\rolandjouko.htm","rolandjouko.htm","0"
"C:\github\HugoLab\static\htm\ringveinetest.htm","ringveinetest.htm","0"
"C:\github\HugoLab\static\htm\rondSnabbKM15.html","rondSnabbKM15.html","0"
"C:\github\HugoLab\static\htm\roskvistmalmqvist.htm","roskvistmalmqvist.htm","0"
"C:\github\HugoLab\static\htm\roskvistlarsson.htm","roskvistlarsson.htm","0"
"C:\github\HugoLab\static\htm\sahlincarlsson.htm","sahlincarlsson.htm","0"
"C:\github\HugoLab\static\htm\Rudolf.htm","Rudolf.htm","0"
"C:\github\HugoLab\static\htm\roskvistahlqvist.htm","roskvistahlqvist.htm","0"
"C:\github\HugoLab\static\htm\rosahl.htm","rosahl.htm","0"
"C:\github\HugoLab\static\htm\roskvistkarlsson.htm","roskvistkarlsson.htm","0"
"C:\github\HugoLab\static\htm\roskvistjeremic.htm","roskvistjeremic.htm","0"
"C:\github\HugoLab\static\htm\Snabbschack11Feb.htm","Snabbschack11Feb.htm","0"
"C:\github\HugoLab\static\htm\Snabbschack10mars.htm","Snabbschack10mars.htm","0"
"C:\github\HugoLab\static\htm\Snabbschack16april.htm","Snabbschack16april.htm","0"
"C:\github\HugoLab\static\htm\snabbschack14nov.htm","snabbschack14nov.htm","0"
"C:\github\HugoLab\static\htm\SnabbKM.html","SnabbKM.html","0"
"C:\github\HugoLab\static\htm\snabb4okt.htm","snabb4okt.htm","0"
"C:\github\HugoLab\static\htm\Snabbschack 3 maj.htm","Snabbschack 3 maj.htm","0"
"C:\github\HugoLab\static\htm\SnabbKMr4.html","SnabbKMr4.html","0"
"C:\github\HugoLab\static\htm\Snabbschack19november.htm","Snabbschack19november.htm","0"
"C:\github\HugoLab\static\htm\Snabbschack5december.htm","Snabbschack5december.htm","0"
"C:\github\HugoLab\static\htm\Snabbschack4mars.htm","Snabbschack4mars.htm","0"
"C:\github\HugoLab\static\htm\Snabbschack6mars.htm","Snabbschack6mars.htm","0"
"C:\github\HugoLab\static\htm\Snabbschack6februari2014.htm","Snabbschack6februari2014.htm","0"
"C:\github\HugoLab\static\htm\Snabbschack26maj.htm","Snabbschack26maj.htm","0"
"C:\github\HugoLab\static\htm\snabbschack22oktober.htm","snabbschack22oktober.htm","0"
"C:\github\HugoLab\static\htm\Snabbschack3okt.htm","Snabbschack3okt.htm","0"
"C:\github\HugoLab\static\htm\Snabbschack27nov.htm","Snabbschack27nov.htm","0"
"C:\github\HugoLab\static\htm\smyslovrabar.htm","smyslovrabar.htm","0"
"C:\github\HugoLab\static\htm\simultan_2013.htm","simultan_2013.htm","0"
"C:\github\HugoLab\static\htm\simultan_2012.htm","simultan_2012.htm","0"
"C:\github\HugoLab\static\htm\sjostrandpersson.htm","sjostrandpersson.htm","0"
"C:\github\HugoLab\static\htm\simultan_2014.htm","simultan_2014.htm","0"
"C:\github\HugoLab\static\htm\silinspersson.htm","silinspersson.htm","0"
"C:\github\HugoLab\static\htm\silinscederstrom.htm","silinscederstrom.htm","0"
"C:\github\HugoLab\static\htm\simultan_10.htm","simultan_10.htm","0"
"C:\github\HugoLab\static\htm\simoni.htm","simoni.htm","0"
"C:\github\HugoLab\static\htm\slutresultat_DM_2018.htm","slutresultat_DM_2018.htm","0"
"C:\github\HugoLab\static\htm\slutspel_HT2016_PO_3.htm","slutspel_HT2016_PO_3.htm","0"
"C:\github\HugoLab\static\htm\slutspel_HT2016_PO_12.htm","slutspel_HT2016_PO_12.htm","0"
"C:\github\HugoLab\static\htm\smejkaladorjan.htm","smejkaladorjan.htm","0"
"C:\github\HugoLab\static\htm\slutspel_HT2016_PO_6.htm","slutspel_HT2016_PO_6.htm","0"
"C:\github\HugoLab\static\htm\slutspel_HT2016_PO_1.htm","slutspel_HT2016_PO_1.htm","0"
"C:\github\HugoLab\static\htm\slutspelsnisseenannan.htm","slutspelsnisseenannan.htm","0"
"C:\github\HugoLab\static\htm\slutspel_HT2016_PO_10_1.htm","slutspel_HT2016_PO_10_1.htm","0"
"C:\github\HugoLab\static\htm\slutspel_HT2016_PO_10.htm","slutspel_HT2016_PO_10.htm","0"
"C:\github\HugoLab\static\htm\persson_ranby.htm","persson_ranby.htm","0"
"C:\github\HugoLab\static\htm\perssonwennstrom.htm","perssonwennstrom.htm","0"
"C:\github\HugoLab\static\htm\perwahl.htm","perwahl.htm","0"
"C:\github\HugoLab\static\htm\persson_ranbyVT2019.htm","persson_ranbyVT2019.htm","0"
"C:\github\HugoLab\static\htm\perssonwahlund.htm","perssonwahlund.htm","0"
"C:\github\HugoLab\static\htm\perssonroskvist.htm","perssonroskvist.htm","0"
"C:\github\HugoLab\static\htm\perssonnilsson.htm","perssonnilsson.htm","0"
"C:\github\HugoLab\static\htm\perssonskur.htm","perssonskur.htm","0"
"C:\github\HugoLab\static\htm\perssonsilins.htm","perssonsilins.htm","0"
"C:\github\HugoLab\static\htm\polgar1.htm","polgar1.htm","0"
"C:\github\HugoLab\static\htm\platov_2.htm","platov_2.htm","0"
"C:\github\HugoLab\static\htm\Position1.htm","Position1.htm","0"
"C:\github\HugoLab\static\htm\polgar2.htm","polgar2.htm","0"
"C:\github\HugoLab\static\htm\platov_1927.htm","platov_1927.htm","0"
"C:\github\HugoLab\static\htm\petterssonsilins.htm","petterssonsilins.htm","0"
"C:\github\HugoLab\static\htm\petterssonjansson.htm","petterssonjansson.htm","0"
"C:\github\HugoLab\static\htm\pia_foredrag.htm","pia_foredrag.htm","0"
"C:\github\HugoLab\static\htm\pgnmall.htm","pgnmall.htm","0"
"C:\github\HugoLab\static\htm\onsdag_vintertur_2020.htm","onsdag_vintertur_2020.htm","0"
"C:\github\HugoLab\static\htm\onsdag_vartur_2022.htm","onsdag_vartur_2022.htm","0"
"C:\github\HugoLab\static\htm\ottoblathy.htm","ottoblathy.htm","0"
"C:\github\HugoLab\static\htm\oratovsky.htm","oratovsky.htm","0"
"C:\github\HugoLab\static\htm\onsdag_vartur_2021.htm","onsdag_vartur_2021.htm","0"
"C:\github\HugoLab\static\htm\onsdag_vartur_2018.htm","onsdag_vartur_2018.htm","0"
"C:\github\HugoLab\static\htm\onsdag_vartur_2017.htm","onsdag_vartur_2017.htm","0"
"C:\github\HugoLab\static\htm\onsdag_vartur_2020.htm","onsdag_vartur_2020.htm","0"
"C:\github\HugoLab\static\htm\onsdag_vartur_2019.htm","onsdag_vartur_2019.htm","0"
"C:\github\HugoLab\static\htm\perssonhorling.htm","perssonhorling.htm","0"
"C:\github\HugoLab\static\htm\perssonfredholm.htm","perssonfredholm.htm","0"
"C:\github\HugoLab\static\htm\perssonlarsson.htm","perssonlarsson.htm","0"
"C:\github\HugoLab\static\htm\perssonkyhle.htm","perssonkyhle.htm","0"
"C:\github\HugoLab\static\htm\perssoneriksson.htm","perssoneriksson.htm","0"
"C:\github\HugoLab\static\htm\perssonahlin.htm","perssonahlin.htm","0"
"C:\github\HugoLab\static\htm\pauli_turnering.htm","pauli_turnering.htm","0"
"C:\github\HugoLab\static\htm\perssoncederstrom.htm","perssoncederstrom.htm","0"
"C:\github\HugoLab\static\htm\perssonbast.htm","perssonbast.htm","0"
"C:\github\HugoLab\static\htm\Regler_for_tisdagsstegen.htm","Regler_for_tisdagsstegen.htm","0"
"C:\github\HugoLab\static\htm\razawijeremic.htm","razawijeremic.htm","0"
"C:\github\HugoLab\static\htm\repohorling.htm","repohorling.htm","0"
"C:\github\HugoLab\static\htm\reichhelm.htm","reichhelm.htm","0"
"C:\github\HugoLab\static\htm\razaviericson.htm","razaviericson.htm","0"
"C:\github\HugoLab\static\htm\rating.htm","rating.htm","0"
"C:\github\HugoLab\static\htm\ranbyahlin.htm","ranbyahlin.htm","0"
"C:\github\HugoLab\static\htm\rating_version.htm","rating_version.htm","0"
"C:\github\HugoLab\static\htm\rating_DM_2015.htm","rating_DM_2015.htm","0"
"C:\github\HugoLab\static\htm\ringaikio.htm","ringaikio.htm","0"
"C:\github\HugoLab\static\htm\rinck.htm","rinck.htm","0"
"C:\github\HugoLab\static\htm\ringkonstantinov.htm","ringkonstantinov.htm","0"
"C:\github\HugoLab\static\htm\ringflodmark.htm","ringflodmark.htm","0"
"C:\github\HugoLab\static\htm\riltoncup.htm","riltoncup.htm","0"
"C:\github\HugoLab\static\htm\ReshevskyByrne.htm","ReshevskyByrne.htm","0"
"C:\github\HugoLab\static\htm\repolevin.htm","repolevin.htm","0"
"C:\github\HugoLab\static\htm\reti_1928.htm","reti_1928.htm","0"
"C:\github\HugoLab\static\htm\reti1922.htm","reti1922.htm","0"
"C:\github\HugoLab\static\htm\program_HT19.htm","program_HT19.htm","0"
"C:\github\HugoLab\static\htm\program_HT18_ny.htm","program_HT18_ny.htm","0"
"C:\github\HugoLab\static\htm\program_HT21.htm","program_HT21.htm","0"
"C:\github\HugoLab\static\htm\program_HT20.htm","program_HT20.htm","0"
"C:\github\HugoLab\static\htm\program_HT18.htm","program_HT18.htm","0"
"C:\github\HugoLab\static\htm\PositionV9.htm","PositionV9.htm","0"
"C:\github\HugoLab\static\htm\Position2.htm","Position2.htm","0"
"C:\github\HugoLab\static\htm\Program 2018_welam.html","Program 2018_welam.html","0"
"C:\github\HugoLab\static\htm\Position_3.htm","Position_3.htm","0"
"C:\github\HugoLab\static\htm\program_VT21.htm","program_VT21.htm","0"
"C:\github\HugoLab\static\htm\program_VT20.htm","program_VT20.htm","0"
"C:\github\HugoLab\static\htm\program_VT24.htm","program_VT24.htm","0"
"C:\github\HugoLab\static\htm\program_VT23.htm","program_VT23.htm","0"
"C:\github\HugoLab\static\htm\program_VT19.htm","program_VT19.htm","0"
"C:\github\HugoLab\static\htm\program_HT23.htm","program_HT23.htm","0"
"C:\github\HugoLab\static\htm\program_HT22.htm","program_HT22.htm","0"
"C:\github\HugoLab\static\htm\program_VT18.htm","program_VT18.htm","0"
"C:\github\HugoLab\static\htm\program_HT24.htm","program_HT24.htm","0"
"C:\github\HugoLab\static\htm\VP_2021_V14.htm","VP_2021_V14.htm","0"
"C:\github\HugoLab\static\htm\VP_2021_V13.htm","VP_2021_V13.htm","0"
"C:\github\HugoLab\static\htm\VP_2021_V16.htm","VP_2021_V16.htm","0"
"C:\github\HugoLab\static\htm\VP_2021_V15.htm","VP_2021_V15.htm","0"
"C:\github\HugoLab\static\htm\VP_2021_V12.htm","VP_2021_V12.htm","0"
"C:\github\HugoLab\static\htm\VP_2020_V51.htm","VP_2020_V51.htm","0"
"C:\github\HugoLab\static\htm\VP_2020_V50.htm","VP_2020_V50.htm","0"
"C:\github\HugoLab\static\htm\VP_2021_V11.htm","VP_2021_V11.htm","0"
"C:\github\HugoLab\static\htm\VP_2021_V10.htm","VP_2021_V10.htm","0"
"C:\github\HugoLab\static\htm\VP_2021_V39.htm","VP_2021_V39.htm","0"
"C:\github\HugoLab\static\htm\VP_2021_V38.htm","VP_2021_V38.htm","0"
"C:\github\HugoLab\static\htm\VP_2021_V41.htm","VP_2021_V41.htm","0"
"C:\github\HugoLab\static\htm\VP_2021_V40.htm","VP_2021_V40.htm","0"
"C:\github\HugoLab\static\htm\VP_2021_V3.htm","VP_2021_V3.htm","0"
"C:\github\HugoLab\static\htm\VP_2021_V18.htm","VP_2021_V18.htm","0"
"C:\github\HugoLab\static\htm\VP_2021_V17.htm","VP_2021_V17.htm","0"
"C:\github\HugoLab\static\htm\VP_2021_V20.htm","VP_2021_V20.htm","0"
"C:\github\HugoLab\static\htm\VP_2021_V19.htm","VP_2021_V19.htm","0"
"C:\github\HugoLab\static\htm\VP_2020_V38.htm","VP_2020_V38.htm","0"
"C:\github\HugoLab\static\htm\VP_2020_V37.htm","VP_2020_V37.htm","0"
"C:\github\HugoLab\static\htm\VP_2020_V40.htm","VP_2020_V40.htm","0"
"C:\github\HugoLab\static\htm\VP_2020_V39.htm","VP_2020_V39.htm","0"
"C:\github\HugoLab\static\htm\VP_2020_V36.htm","VP_2020_V36.htm","0"
"C:\github\HugoLab\static\htm\VP_2020_V23.htm","VP_2020_V23.htm","0"
"C:\github\HugoLab\static\htm\VP_2020_V22.htm","VP_2020_V22.htm","0"
"C:\github\HugoLab\static\htm\VP_2020_V25.htm","VP_2020_V25.htm","0"
"C:\github\HugoLab\static\htm\VP_2020_V24.htm","VP_2020_V24.htm","0"
"C:\github\HugoLab\static\htm\VP_2020_V47.htm","VP_2020_V47.htm","0"
"C:\github\HugoLab\static\htm\VP_2020_V46.htm","VP_2020_V46.htm","0"
"C:\github\HugoLab\static\htm\VP_2020_V49.htm","VP_2020_V49.htm","0"
"C:\github\HugoLab\static\htm\VP_2020_V48.htm","VP_2020_V48.htm","0"
"C:\github\HugoLab\static\htm\VP_2020_V45.htm","VP_2020_V45.htm","0"
"C:\github\HugoLab\static\htm\VP_2020_V42.htm","VP_2020_V42.htm","0"
"C:\github\HugoLab\static\htm\VP_2020_V41.htm","VP_2020_V41.htm","0"
"C:\github\HugoLab\static\htm\VP_2020_V44.htm","VP_2020_V44.htm","0"
"C:\github\HugoLab\static\htm\VP_2020_V43.htm","VP_2020_V43.htm","0"
"C:\github\HugoLab\static\htm\wotawa_v16.htm","wotawa_v16.htm","0"
"C:\github\HugoLab\static\htm\wotawa_v10_1.htm","wotawa_v10_1.htm","0"
"C:\github\HugoLab\static\htm\wottawa_1935.htm","wottawa_1935.htm","0"
"C:\github\HugoLab\static\htm\wottawa_1.htm","wottawa_1.htm","0"
"C:\github\HugoLab\static\htm\wotawa_v10.htm","wotawa_v10.htm","0"
"C:\github\HugoLab\static\htm\windahlhallstedt.htm","windahlhallstedt.htm","0"
"C:\github\HugoLab\static\htm\weiqichao.htm","weiqichao.htm","0"
"C:\github\HugoLab\static\htm\wood.htm","wood.htm","0"
"C:\github\HugoLab\static\htm\windahllinde.htm","windahllinde.htm","0"
"C:\github\HugoLab\static\htm\ziviclars.htm","ziviclars.htm","0"
"C:\github\HugoLab\static\htm\zivicandersson.htm","zivicandersson.htm","0"
"C:\github\HugoLab\static\htm\zivicpettersson.htm","zivicpettersson.htm","0"
"C:\github\HugoLab\static\htm\ziviclarsson.htm","ziviclarsson.htm","0"
"C:\github\HugoLab\static\htm\Youtube_2.htm","Youtube_2.htm","0"
"C:\github\HugoLab\static\htm\WP3.htm","WP3.htm","0"
"C:\github\HugoLab\static\htm\WP1.htm","WP1.htm","0"
"C:\github\HugoLab\static\htm\Youtube_1.htm","Youtube_1.htm","0"
"C:\github\HugoLab\static\htm\yngvetord.htm","yngvetord.htm","0"
"C:\github\HugoLab\static\htm\VP_2021_V49.htm","VP_2021_V49.htm","0"
"C:\github\HugoLab\static\htm\VP_2021_V47.htm","VP_2021_V47.htm","0"
"C:\github\HugoLab\static\htm\VP_2021_V6.htm","VP_2021_V6.htm","0"
"C:\github\HugoLab\static\htm\VP_2021_V5.htm","VP_2021_V5.htm","0"
"C:\github\HugoLab\static\htm\VP_2021_V46.htm","VP_2021_V46.htm","0"
"C:\github\HugoLab\static\htm\VP_2021_V43.htm","VP_2021_V43.htm","0"
"C:\github\HugoLab\static\htm\VP_2021_V42.htm","VP_2021_V42.htm","0"
"C:\github\HugoLab\static\htm\VP_2021_V45.htm","VP_2021_V45.htm","0"
"C:\github\HugoLab\static\htm\VP_2021_V44.htm","VP_2021_V44.htm","0"
"C:\github\HugoLab\static\htm\VP_V39_2018.htm","VP_V39_2018.htm","0"
"C:\github\HugoLab\static\htm\VP_2022_V17.htm","VP_2022_V17.htm","0"
"C:\github\HugoLab\static\htm\wedin_kyhle.htm","wedin_kyhle.htm","0"
"C:\github\HugoLab\static\htm\VP_V39_HT18.htm","VP_V39_HT18.htm","0"
"C:\github\HugoLab\static\htm\VP_2022_V13.htm","VP_2022_V13.htm","0"
"C:\github\HugoLab\static\htm\VP_2022_V08.htm","VP_2022_V08.htm","0"
"C:\github\HugoLab\static\htm\VP_2021_V7.htm","VP_2021_V7.htm","0"
"C:\github\HugoLab\static\htm\VP_2022_V12.htm","VP_2022_V12.htm","0"
"C:\github\HugoLab\static\htm\VP_2022_V11.htm","VP_2022_V11.htm","0"
"C:\github\HugoLab\static\htm\VP_2020_V21.htm","VP_2020_V21.htm","0"
"C:\github\HugoLab\static\htm\tahtikarlsson.htm","tahtikarlsson.htm","0"
"C:\github\HugoLab\static\htm\tabakoviclevin.htm","tabakoviclevin.htm","0"
"C:\github\HugoLab\static\htm\talsmejkal.htm","talsmejkal.htm","0"
"C:\github\HugoLab\static\htm\talparma.htm","talparma.htm","0"
"C:\github\HugoLab\static\htm\szaboivkov.htm","szaboivkov.htm","0"
"C:\github\HugoLab\static\htm\svedbergcederstrom.htm","svedbergcederstrom.htm","0"
"C:\github\HugoLab\static\htm\sulmadjeremic.htm","sulmadjeremic.htm","0"
"C:\github\HugoLab\static\htm\svenstig.htm","svenstig.htm","0"
"C:\github\HugoLab\static\htm\svenssonjuntti.htm","svenssonjuntti.htm","0"
"C:\github\HugoLab\static\htm\thomsenstrom.htm","thomsenstrom.htm","0"
"C:\github\HugoLab\static\htm\thomsenhogselius.htm","thomsenhogselius.htm","0"
"C:\github\HugoLab\static\htm\tommykjell.htm","tommykjell.htm","0"
"C:\github\HugoLab\static\htm\tikkanenblomqvist.htm","tikkanenblomqvist.htm","0"
"C:\github\HugoLab\static\htm\thomsengorani.htm","thomsengorani.htm","0"
"C:\github\HugoLab\static\htm\tathikarlsson.htm","tathikarlsson.htm","0"
"C:\github\HugoLab\static\htm\talsuetin.htm","talsuetin.htm","0"
"C:\github\HugoLab\static\htm\thomassenrasmussen.htm","thomassenrasmussen.htm","0"
"C:\github\HugoLab\static\htm\teshnerflad.htm","teshnerflad.htm","0"
"C:\github\HugoLab\static\htm\spielmanntarrasch.htm","spielmanntarrasch.htm","0"
"C:\github\HugoLab\static\htm\spielmanngrunfeld.htm","spielmanngrunfeld.htm","0"
"C:\github\HugoLab\static\htm\springarslutspel_11.htm","springarslutspel_11.htm","0"
"C:\github\HugoLab\static\htm\springarslutspel_10.htm","springarslutspel_10.htm","0"
"C:\github\HugoLab\static\htm\SoNaka.html","SoNaka.html","0"
"C:\github\HugoLab\static\htm\snabbschack_2013.htm","snabbschack_2013.htm","0"
"C:\github\HugoLab\static\htm\snabbschack_2012.htm","snabbschack_2012.htm","0"
"C:\github\HugoLab\static\htm\snabbschack_8maj.htm","snabbschack_8maj.htm","0"
"C:\github\HugoLab\static\htm\snabbschack_2okt.htm","snabbschack_2okt.htm","0"
"C:\github\HugoLab\static\htm\studie_V6.htm","studie_V6.htm","0"
"C:\github\HugoLab\static\htm\stachowiczkarlsson.htm","stachowiczkarlsson.htm","0"
"C:\github\HugoLab\static\htm\sturellanderberg.htm","sturellanderberg.htm","0"
"C:\github\HugoLab\static\htm\studie_V7.htm","studie_V7.htm","0"
"C:\github\HugoLab\static\htm\SrsKM9.htm","SrsKM9.htm","0"
"C:\github\HugoLab\static\htm\SrS26sep2012.htm","SrS26sep2012.htm","0"
"C:\github\HugoLab\static\htm\springarslutspel_PO_9.htm","springarslutspel_PO_9.htm","0"
"C:\github\HugoLab\static\htm\SrSKM2015rondlista.html","SrSKM2015rondlista.html","0"
"C:\github\HugoLab\static\htm\SrSKM2015.html","SrSKM2015.html","0"
"C:\github\HugoLab\static\htm\uppgift_14.htm","uppgift_14.htm","0"
"C:\github\HugoLab\static\htm\uppgift_13.htm","uppgift_13.htm","0"
"C:\github\HugoLab\static\htm\V40.htm","V40.htm","0"
"C:\github\HugoLab\static\htm\uppgift_16.htm","uppgift_16.htm","0"
"C:\github\HugoLab\static\htm\uppgift14.htm","uppgift14.htm","0"
"C:\github\HugoLab\static\htm\unanderaberg.htm","unanderaberg.htm","0"
"C:\github\HugoLab\static\htm\ulfstachowicz.htm","ulfstachowicz.htm","0"
"C:\github\HugoLab\static\htm\unzickerfisher.htm","unzickerfisher.htm","0"
"C:\github\HugoLab\static\htm\unomiro.htm","unomiro.htm","0"
"C:\github\HugoLab\static\htm\VP_2020_V16.htm","VP_2020_V16.htm","0"
"C:\github\HugoLab\static\htm\vodokap.htm","vodokap.htm","0"
"C:\github\HugoLab\static\htm\VP_2020_V19.htm","VP_2020_V19.htm","0"
"C:\github\HugoLab\static\htm\VP_2020_V18.htm","VP_2020_V18.htm","0"
"C:\github\HugoLab\static\htm\verdiertikkanen.htm","verdiertikkanen.htm","0"
"C:\github\HugoLab\static\htm\valterssonlansen.htm","valterssonlansen.htm","0"
"C:\github\HugoLab\static\htm\V40_test.htm","V40_test.htm","0"
"C:\github\HugoLab\static\htm\Veckans_HS.htm","Veckans_HS.htm","0"
"C:\github\HugoLab\static\htm\varagyilengyel.htm","varagyilengyel.htm","0"
"C:\github\HugoLab\static\htm\torsdag_hosttur_2014.htm","torsdag_hosttur_2014.htm","0"
"C:\github\HugoLab\static\htm\torsdag_hosttur_2013.htm","torsdag_hosttur_2013.htm","0"
"C:\github\HugoLab\static\htm\torsdag_vartur_2013.htm","torsdag_vartur_2013.htm","0"
"C:\github\HugoLab\static\htm\torsdag_vartur_2012.htm","torsdag_vartur_2012.htm","0"
"C:\github\HugoLab\static\htm\torsdag_hosttur_2012.htm","torsdag_hosttur_2012.htm","0"
"C:\github\HugoLab\static\htm\tornslutspel_2.htm","tornslutspel_2.htm","0"
"C:\github\HugoLab\static\htm\torn-bonde_slutspel.htm","torn-bonde_slutspel.htm","0"
"C:\github\HugoLab\static\htm\torntorn.htm","torntorn.htm","0"
"C:\github\HugoLab\static\htm\tornslutspel_PO_6.htm","tornslutspel_PO_6.htm","0"
"C:\github\HugoLab\static\htm\ulfaikio.htm","ulfaikio.htm","0"
"C:\github\HugoLab\static\htm\troitsky_1916.htm","troitsky_1916.htm","0"
"C:\github\HugoLab\static\htm\ulfhultin.htm","ulfhultin.htm","0"
"C:\github\HugoLab\static\htm\ulfaxelius.htm","ulfaxelius.htm","0"
"C:\github\HugoLab\static\htm\troitsky_1906.htm","troitsky_1906.htm","0"
"C:\github\HugoLab\static\htm\torsdag_vartur_2015.htm","torsdag_vartur_2015.htm","0"
"C:\github\HugoLab\static\htm\torsdag_vartur_2014.htm","torsdag_vartur_2014.htm","0"
"C:\github\HugoLab\static\htm\troitsky.htm","troitsky.htm","0"
"C:\github\HugoLab\static\htm\trifunovicragozin.htm","trifunovicragozin.htm","0"
"C:\github\HugoLab\static\htm\erikssontahti.htm","erikssontahti.htm","0"
"C:\github\HugoLab\static\htm\erikssonsilins.htm","erikssonsilins.htm","0"
"C:\github\HugoLab\static\htm\Favicon.html","Favicon.html","0"
"C:\github\HugoLab\static\htm\fantaikio.htm","fantaikio.htm","0"
"C:\github\HugoLab\static\htm\erikssonericson.htm","erikssonericson.htm","0"
"C:\github\HugoLab\static\htm\erikssonagrest.htm","erikssonagrest.htm","0"
"C:\github\HugoLab\static\htm\erikssonring.htm","erikssonring.htm","0"
"C:\github\HugoLab\static\htm\erikssonpersson.htm","erikssonpersson.htm","0"
"C:\github\HugoLab\static\htm\Fenoglio.htm","Fenoglio.htm","0"
"C:\github\HugoLab\static\htm\friskank.htm","friskank.htm","0"
"C:\github\HugoLab\static\htm\franssonotgonjargal.htm","franssonotgonjargal.htm","0"
"C:\github\HugoLab\static\htm\galitzky.htm","galitzky.htm","0"
"C:\github\HugoLab\static\htm\fritz.htm","fritz.htm","0"
"C:\github\HugoLab\static\htm\fideregler.htm","fideregler.htm","0"
"C:\github\HugoLab\static\htm\fichtlblatny.htm","fichtlblatny.htm","0"
"C:\github\HugoLab\static\htm\fominapersson.htm","fominapersson.htm","0"
"C:\github\HugoLab\static\htm\Flard_gronberg.htm","Flard_gronberg.htm","0"
"C:\github\HugoLab\static\htm\ericsonroskvist.htm","ericsonroskvist.htm","0"
"C:\github\HugoLab\static\htm\DM2016rondlista.html","DM2016rondlista.html","0"
"C:\github\HugoLab\static\htm\dimiterpeter.htm","dimiterpeter.htm","0"
"C:\github\HugoLab\static\htm\efron.htm","efron.htm","0"
"C:\github\HugoLab\static\htm\DM2017.htm","DM2017.htm","0"
"C:\github\HugoLab\static\htm\dedrle.htm","dedrle.htm","0"
"C:\github\HugoLab\static\htm\damslut.htm","damslut.htm","0"
"C:\github\HugoLab\static\htm\diazruiz.htm","diazruiz.htm","0"
"C:\github\HugoLab\static\htm\deshapelles.htm","deshapelles.htm","0"
"C:\github\HugoLab\static\htm\einarssonjeremic.htm","einarssonjeremic.htm","0"
"C:\github\HugoLab\static\htm\ericsonkarlsson.htm","ericsonkarlsson.htm","0"
"C:\github\HugoLab\static\htm\ericsonjuntti.htm","ericsonjuntti.htm","0"
"C:\github\HugoLab\static\htm\ericsonlevin.htm","ericsonlevin.htm","0"
"C:\github\HugoLab\static\htm\ericsonlarsson.htm","ericsonlarsson.htm","0"
"C:\github\HugoLab\static\htm\endragsmatt.htm","endragsmatt.htm","0"
"C:\github\HugoLab\static\htm\elmbergwindahl.htm","elmbergwindahl.htm","0"
"C:\github\HugoLab\static\htm\ericsonjansson.htm","ericsonjansson.htm","0"
"C:\github\HugoLab\static\htm\enriquemiodrag.htm","enriquemiodrag.htm","0"
"C:\github\HugoLab\static\htm\gellertresh.htm","gellertresh.htm","0"
"C:\github\HugoLab\static\htm\helgekent.htm","helgekent.htm","0"
"C:\github\HugoLab\static\htm\hedstromericson.htm","hedstromericson.htm","0"
"C:\github\HugoLab\static\htm\hendelsuskevitch.htm","hendelsuskevitch.htm","0"
"C:\github\HugoLab\static\htm\helgelars.htm","helgelars.htm","0"
"C:\github\HugoLab\static\htm\hartzellwestrom.htm","hartzellwestrom.htm","0"
"C:\github\HugoLab\static\htm\hallstedtwindahl_2.htm","hallstedtwindahl_2.htm","0"
"C:\github\HugoLab\static\htm\hedmanastrom.htm","hedmanastrom.htm","0"
"C:\github\HugoLab\static\htm\hectorchao.htm","hectorchao.htm","0"
"C:\github\HugoLab\static\htm\heuacker.htm","heuacker.htm","0"
"C:\github\HugoLab\static\htm\HT2016_4.htm","HT2016_4.htm","0"
"C:\github\HugoLab\static\htm\horwitz_kling.htm","horwitz_kling.htm","0"
"C:\github\HugoLab\static\htm\hultinlarsson.htm","hultinlarsson.htm","0"
"C:\github\HugoLab\static\htm\hultinjeremic.htm","hultinjeremic.htm","0"
"C:\github\HugoLab\static\htm\horlingskur.htm","horlingskur.htm","0"
"C:\github\HugoLab\static\htm\heuackerny.htm","heuackerny.htm","0"
"C:\github\HugoLab\static\htm\horwitz_1885.htm","horwitz_1885.htm","0"
"C:\github\HugoLab\static\htm\horlingzivic.htm","horlingzivic.htm","0"
"C:\github\HugoLab\static\htm\hallstedtpersson.htm","hallstedtpersson.htm","0"
"C:\github\HugoLab\static\htm\gragerdorn.htm","gragerdorn.htm","0"
"C:\github\HugoLab\static\htm\gostas_minnesturnering_2018.htm","gostas_minnesturnering_2018.htm","0"
"C:\github\HugoLab\static\htm\greenohnedahl.htm","greenohnedahl.htm","0"
"C:\github\HugoLab\static\htm\grandeliushanninger.htm","grandeliushanninger.htm","0"
"C:\github\HugoLab\static\htm\gligoricsmyslov.htm","gligoricsmyslov.htm","0"
"C:\github\HugoLab\static\htm\georgadze.htm","georgadze.htm","0"
"C:\github\HugoLab\static\htm\gorgiev_1930.htm","gorgiev_1930.htm","0"
"C:\github\HugoLab\static\htm\gm12_stallning.htm","gm12_stallning.htm","0"
"C:\github\HugoLab\static\htm\grigoriev_1932.htm","grigoriev_1932.htm","0"
"C:\github\HugoLab\static\htm\gustafssonpersson.htm","gustafssonpersson.htm","0"
"C:\github\HugoLab\static\htm\gusevarakelov.htm","gusevarakelov.htm","0"
"C:\github\HugoLab\static\htm\halberstadt.htm","halberstadt.htm","0"
"C:\github\HugoLab\static\htm\gustafzivic.htm","gustafzivic.htm","0"
"C:\github\HugoLab\static\htm\grigoriev_2.htm","grigoriev_2.htm","0"
"C:\github\HugoLab\static\htm\grigoriev_1933.htm","grigoriev_1933.htm","0"
"C:\github\HugoLab\static\htm\gunnarssonhartzell.htm","gunnarssonhartzell.htm","0"
"C:\github\HugoLab\static\htm\gulkomak.htm","gulkomak.htm","0"
"C:\github\HugoLab\static\htm\cramlingnyberg.htm","cramlingnyberg.htm","0"
"C:\github\HugoLab\static\htm\bergdahl.htm","bergdahl.htm","0"
"C:\github\HugoLab\static\htm\bergcarlsson.htm","bergcarlsson.htm","0"
"C:\github\HugoLab\static\htm\berggrenfransson.htm","berggrenfransson.htm","0"
"C:\github\HugoLab\static\htm\bergdahl2.htm","bergdahl2.htm","0"
"C:\github\HugoLab\static\htm\axeliussilins_VT2012.htm","axeliussilins_VT2012.htm","0"
"C:\github\HugoLab\static\htm\axeliussilins2.htm","axeliussilins2.htm","0"
"C:\github\HugoLab\static\htm\Berg-Welamsson.htm","Berg-Welamsson.htm","0"
"C:\github\HugoLab\static\htm\bagirovkholmov.htm","bagirovkholmov.htm","0"
"C:\github\HugoLab\static\htm\bergjohansson.htm","bergjohansson.htm","0"
"C:\github\HugoLab\static\htm\bergstromwindahl2.htm","bergstromwindahl2.htm","0"
"C:\github\HugoLab\static\htm\bergstromwindahl.htm","bergstromwindahl.htm","0"
"C:\github\HugoLab\static\htm\berlin2.htm","berlin2.htm","0"
"C:\github\HugoLab\static\htm\berlin1.htm","berlin1.htm","0"
"C:\github\HugoLab\static\htm\bergstromlittbrand.htm","bergstromlittbrand.htm","0"
"C:\github\HugoLab\static\htm\bergstenlandin.htm","bergstenlandin.htm","0"
"C:\github\HugoLab\static\htm\bergstromtomsen.htm","bergstromtomsen.htm","0"
"C:\github\HugoLab\static\htm\bergstromthomsen.htm","bergstromthomsen.htm","0"
"C:\github\HugoLab\static\htm\Atek.htm","Atek.htm","0"
"C:\github\HugoLab\static\htm\aikioagrest.htm","aikioagrest.htm","0"
"C:\github\HugoLab\static\htm\ahlinthomsen.htm","ahlinthomsen.htm","0"
"C:\github\HugoLab\static\htm\aikioroskvist.htm","aikioroskvist.htm","0"
"C:\github\HugoLab\static\htm\aikiokyhle.htm","aikiokyhle.htm","0"
"C:\github\HugoLab\static\htm\abergjeremic.htm","abergjeremic.htm","0"
"C:\github\HugoLab\static\htm\130220_andersson-aahlin.htm","130220_andersson-aahlin.htm","0"
"C:\github\HugoLab\static\htm\agrestuno.htm","agrestuno.htm","0"
"C:\github\HugoLab\static\htm\agrestkarlsson.htm","agrestkarlsson.htm","0"
"C:\github\HugoLab\static\htm\aikiostacho.htm","aikiostacho.htm","0"
"C:\github\HugoLab\static\htm\anderssonring.htm","anderssonring.htm","0"
"C:\github\HugoLab\static\htm\anderssonericson.htm","anderssonericson.htm","0"
"C:\github\HugoLab\static\htm\andreassonlindeberg.htm","andreassonlindeberg.htm","0"
"C:\github\HugoLab\static\htm\anderssonzivic.htm","anderssonzivic.htm","0"
"C:\github\HugoLab\static\htm\alekhincapablanca.htm","alekhincapablanca.htm","0"
"C:\github\HugoLab\static\htm\akearne.htm","akearne.htm","0"
"C:\github\HugoLab\static\htm\anderssonahlin.htm","anderssonahlin.htm","0"
"C:\github\HugoLab\static\htm\allsvenska_lag.htm","allsvenska_lag.htm","0"
"C:\github\HugoLab\static\htm\berthelsenmio.htm","berthelsenmio.htm","0"
"C:\github\HugoLab\static\htm\centurini.htm","centurini.htm","0"
"C:\github\HugoLab\static\htm\cederquisthorling.htm","cederquisthorling.htm","0"
"C:\github\HugoLab\static\htm\chernev_96.htm","chernev_96.htm","0"
"C:\github\HugoLab\static\htm\chekoversokolsky.htm","chekoversokolsky.htm","0"
"C:\github\HugoLab\static\htm\brorsonpersson.htm","brorsonpersson.htm","0"
"C:\github\HugoLab\static\htm\brorsonjeremic.htm","brorsonjeremic.htm","0"
"C:\github\HugoLab\static\htm\Cathignol.htm","Cathignol.htm","0"
"C:\github\HugoLab\static\htm\bryntseeriksen.htm","bryntseeriksen.htm","0"
"C:\github\HugoLab\static\htm\chessbase-integration.html","chessbase-integration.html","0"
"C:\github\HugoLab\static\htm\cramlingcarlsson.htm","cramlingcarlsson.htm","0"
"C:\github\HugoLab\static\htm\cramlingahlin.htm","cramlingahlin.htm","0"
"C:\github\HugoLab\static\htm\cramlingjeremic.htm","cramlingjeremic.htm","0"
"C:\github\HugoLab\static\htm\cramlinghedman.htm","cramlinghedman.htm","0"
"C:\github\HugoLab\static\htm\corona_regler.htm","corona_regler.htm","0"
"C:\github\HugoLab\static\htm\cohn_1929.htm","cohn_1929.htm","0"
"C:\github\HugoLab\static\htm\cousoericson.htm","cousoericson.htm","0"
"C:\github\HugoLab\static\htm\cousoaikio.htm","cousoaikio.htm","0"
"C:\github\HugoLab\static\htm\bronsteinlehmann.htm","bronsteinlehmann.htm","0"
"C:\github\HugoLab\static\htm\blixtschack_2016.htm","blixtschack_2016.htm","0"
"C:\github\HugoLab\static\htm\blixtschack_2015.htm","blixtschack_2015.htm","0"
"C:\github\HugoLab\static\htm\blixtschack_2018.htm","blixtschack_2018.htm","0"
"C:\github\HugoLab\static\htm\blixtschack_2017.htm","blixtschack_2017.htm","0"
"C:\github\HugoLab\static\htm\blathy_1890_1.htm","blathy_1890_1.htm","0"
"C:\github\HugoLab\static\htm\birnov.htm","birnov.htm","0"
"C:\github\HugoLab\static\htm\blixtschack_2014.htm","blixtschack_2014.htm","0"
"C:\github\HugoLab\static\htm\Blixt1103.htm","Blixt1103.htm","0"
"C:\github\HugoLab\static\htm\blixtschack_2019.htm","blixtschack_2019.htm","0"
"C:\github\HugoLab\static\htm\bostromerben.htm","bostromerben.htm","0"
"C:\github\HugoLab\static\htm\borjetord.htm","borjetord.htm","0"
"C:\github\HugoLab\static\htm\bronsteinkortnoj.htm","bronsteinkortnoj.htm","0"
"C:\github\HugoLab\static\htm\BPY74OHP.htm","BPY74OHP.htm","0"
"C:\github\HugoLab\static\htm\blixt_20150423.html","blixt_20150423.html","0"
"C:\github\HugoLab\static\htm\blixtschack_2021.htm","blixtschack_2021.htm","0"
"C:\github\HugoLab\static\htm\borjemats.htm","borjemats.htm","0"
"C:\github\HugoLab\static\htm\boericjuoko.htm","boericjuoko.htm","0"
"C:\github\HugoLab\static\htm\hyllengrenericson.htm","hyllengrenericson.htm","0"
"C:\github\HugoLab\static\htm\lucena1.htm","lucena1.htm","0"
"C:\github\HugoLab\static\htm\loyd_v11.htm","loyd_v11.htm","0"
"C:\github\HugoLab\static\htm\lucena2.htm","lucena2.htm","0"
"C:\github\HugoLab\static\htm\lucena1_test.htm","lucena1_test.htm","0"
"C:\github\HugoLab\static\htm\LoBerg1.html","LoBerg1.html","0"
"C:\github\HugoLab\static\htm\LoBerg.htm","LoBerg.htm","0"
"C:\github\HugoLab\static\htm\loparslutspel_PO_5.htm","loparslutspel_PO_5.htm","0"
"C:\github\HugoLab\static\htm\lolli_1763.htm","lolli_1763.htm","0"
"C:\github\HugoLab\static\htm\lundbergjeremic.htm","lundbergjeremic.htm","0"
"C:\github\HugoLab\static\htm\matrikel_version.htm","matrikel_version.htm","0"
"C:\github\HugoLab\static\htm\Matchlista-27-mars-2018-SA.htm","Matchlista-27-mars-2018-SA.htm","0"
"C:\github\HugoLab\static\htm\mees.htm","mees.htm","0"
"C:\github\HugoLab\static\htm\medinatal.htm","medinatal.htm","0"
"C:\github\HugoLab\static\htm\mandler_1938.htm","mandler_1938.htm","0"
"C:\github\HugoLab\static\htm\MalmstigBerg.htm","MalmstigBerg.htm","0"
"C:\github\HugoLab\static\htm\maricgligoric.htm","maricgligoric.htm","0"
"C:\github\HugoLab\static\htm\mandler_2.htm","mandler_2.htm","0"
"C:\github\HugoLab\static\htm\loahelge.htm","loahelge.htm","0"
"C:\github\HugoLab\static\htm\levinjeremic.htm","levinjeremic.htm","0"
"C:\github\HugoLab\static\htm\levinhogselius_4.htm","levinhogselius_4.htm","0"
"C:\github\HugoLab\static\htm\levinsvensson.htm","levinsvensson.htm","0"
"C:\github\HugoLab\static\htm\levinkallback.htm","levinkallback.htm","0"
"C:\github\HugoLab\static\htm\levineklund.htm","levineklund.htm","0"
"C:\github\HugoLab\static\htm\leveklund.htm","leveklund.htm","0"
"C:\github\HugoLab\static\htm\levinhogselius_3.htm","levinhogselius_3.htm","0"
"C:\github\HugoLab\static\htm\LevinHogselius.htm","LevinHogselius.htm","0"
"C:\github\HugoLab\static\htm\lewitt_1931.htm","lewitt_1931.htm","0"
"C:\github\HugoLab\static\htm\livnersvensson.htm","livnersvensson.htm","0"
"C:\github\HugoLab\static\htm\lissangeksmyr.htm","lissangeksmyr.htm","0"
"C:\github\HugoLab\static\htm\ljungthomsen.htm","ljungthomsen.htm","0"
"C:\github\HugoLab\static\htm\ljuboseirawan.htm","ljuboseirawan.htm","0"
"C:\github\HugoLab\static\htm\LidenSilins.htm","LidenSilins.htm","0"
"C:\github\HugoLab\static\htm\lewitt_1932.htm","lewitt_1932.htm","0"
"C:\github\HugoLab\static\htm\liljestromstromberg.htm","liljestromstromberg.htm","0"
"C:\github\HugoLab\static\htm\LidenSilins1.html","LidenSilins1.html","0"
"C:\github\HugoLab\static\htm\miodragarne.htm","miodragarne.htm","0"
"C:\github\HugoLab\static\htm\onsdag_hosttur_2017.htm","onsdag_hosttur_2017.htm","0"
"C:\github\HugoLab\static\htm\onsdag_hosttur_2016.htm","onsdag_hosttur_2016.htm","0"
"C:\github\HugoLab\static\htm\onsdag_hosttur_2020.htm","onsdag_hosttur_2020.htm","0"
"C:\github\HugoLab\static\htm\onsdag_hosttur_2019.htm","onsdag_hosttur_2019.htm","0"
"C:\github\HugoLab\static\htm\onsdag_hosttur_2013.htm","onsdag_hosttur_2013.htm","0"
"C:\github\HugoLab\static\htm\onsdag_hosttur_2012.htm","onsdag_hosttur_2012.htm","0"
"C:\github\HugoLab\static\htm\onsdag_hosttur_2015.htm","onsdag_hosttur_2015.htm","0"
"C:\github\HugoLab\static\htm\onsdag_hosttur_2014.htm","onsdag_hosttur_2014.htm","0"
"C:\github\HugoLab\static\htm\onsdag_hosttur_2021.htm","onsdag_hosttur_2021.htm","0"
"C:\github\HugoLab\static\htm\onsdag_vartur_2014.htm","onsdag_vartur_2014.htm","0"
"C:\github\HugoLab\static\htm\onsdag_vartur_2013.htm","onsdag_vartur_2013.htm","0"
"C:\github\HugoLab\static\htm\onsdag_vartur_2016.htm","onsdag_vartur_2016.htm","0"
"C:\github\HugoLab\static\htm\onsdag_vartur_2015.htm","onsdag_vartur_2015.htm","0"
"C:\github\HugoLab\static\htm\onsdag_midvintertur_2021.htm","onsdag_midvintertur_2021.htm","0"
"C:\github\HugoLab\static\htm\onsdag_hosttur_2022.htm","onsdag_hosttur_2022.htm","0"
"C:\github\HugoLab\static\htm\onsdag_vartur_2012.htm","onsdag_vartur_2012.htm","0"
"C:\github\HugoLab\static\htm\onsdag_sommartur_2020.htm","onsdag_sommartur_2020.htm","0"
"C:\github\HugoLab\static\htm\olssonzivic.htm","olssonzivic.htm","0"
"C:\github\HugoLab\static\htm\Moravec.htm","Moravec.htm","0"
"C:\github\HugoLab\static\htm\moldoyanovsamochanov.htm","moldoyanovsamochanov.htm","0"
"C:\github\HugoLab\static\htm\najdorfporat.htm","najdorfporat.htm","0"
"C:\github\HugoLab\static\htm\morphy.htm","morphy.htm","0"
"C:\github\HugoLab\static\htm\miomartti.htm","miomartti.htm","0"
"C:\github\HugoLab\static\htm\miojuoko.htm","miojuoko.htm","0"
"C:\github\HugoLab\static\htm\mirohorling.htm","mirohorling.htm","0"
"C:\github\HugoLab\static\htm\mirkovicjeremic.htm","mirkovicjeremic.htm","0"
"C:\github\HugoLab\static\htm\nilsfant.htm","nilsfant.htm","0"
"C:\github\HugoLab\static\htm\ODMB.htm","ODMB.htm","0"
"C:\github\HugoLab\static\htm\nygrenlarsson.htm","nygrenlarsson.htm","0"
"C:\github\HugoLab\static\htm\olssonericson.htm","olssonericson.htm","0"
"C:\github\HugoLab\static\htm\ODMB_new.htm","ODMB_new.htm","0"
"C:\github\HugoLab\static\htm\NM_Malmdin_Flodmark.htm","NM_Malmdin_Flodmark.htm","0"
"C:\github\HugoLab\static\htm\nilssonfant.htm","nilssonfant.htm","0"
"C:\github\HugoLab\static\htm\novotelnovaverbakh.htm","novotelnovaverbakh.htm","0"
"C:\github\HugoLab\static\htm\norgrenjuntti.htm","norgrenjuntti.htm","0"
"C:\github\HugoLab\static\htm\lasse_pos32.htm","lasse_pos32.htm","0"
"C:\github\HugoLab\static\htm\JOC_Persson1.htm","JOC_Persson1.htm","0"
"C:\github\HugoLab\static\htm\jocedermalmgren.htm","jocedermalmgren.htm","0"
"C:\github\HugoLab\static\htm\jonssontathi.htm","jonssontathi.htm","0"
"C:\github\HugoLab\static\htm\johanssonmessing.htm","johanssonmessing.htm","0"
"C:\github\HugoLab\static\htm\jeremicpettersson.htm","jeremicpettersson.htm","0"
"C:\github\HugoLab\static\htm\jeremicpersson.htm","jeremicpersson.htm","0"
"C:\github\HugoLab\static\htm\jeremicsulmad.htm","jeremicsulmad.htm","0"
"C:\github\HugoLab\static\htm\jeremicstrid.htm","jeremicstrid.htm","0"
"C:\github\HugoLab\static\htm\jonssontati.htm","jonssontati.htm","0"
"C:\github\HugoLab\static\htm\junttiroskvist.htm","junttiroskvist.htm","0"
"C:\github\HugoLab\static\htm\junttiberg.htm","junttiberg.htm","0"
"C:\github\HugoLab\static\htm\karjakincaruana.htm","karjakincaruana.htm","0"
"C:\github\HugoLab\static\htm\kallbacklarsson.htm","kallbacklarsson.htm","0"
"C:\github\HugoLab\static\htm\jungszabados.htm","jungszabados.htm","0"
"C:\github\HugoLab\static\htm\juhani_1.htm","juhani_1.htm","0"
"C:\github\HugoLab\static\htm\junttiaberg_09.htm","junttiaberg_09.htm","0"
"C:\github\HugoLab\static\htm\junttiaberg.htm","junttiaberg.htm","0"
"C:\github\HugoLab\static\htm\jeremiclevin.htm","jeremiclevin.htm","0"
"C:\github\HugoLab\static\htm\jaltsaterbergstrom.htm","jaltsaterbergstrom.htm","0"
"C:\github\HugoLab\static\htm\ivanovbelenky.htm","ivanovbelenky.htm","0"
"C:\github\HugoLab\static\htm\janssonengfors.htm","janssonengfors.htm","0"
"C:\github\HugoLab\static\htm\janssonandersson.htm","janssonandersson.htm","0"
"C:\github\HugoLab\static\htm\hyllengrenmarcos1.htm","hyllengrenmarcos1.htm","0"
"C:\github\HugoLab\static\htm\hyllengrenjansson.htm","hyllengrenjansson.htm","0"
"C:\github\HugoLab\static\htm\ivankalaza.htm","ivankalaza.htm","0"
"C:\github\HugoLab\static\htm\isenegger.htm","isenegger.htm","0"
"C:\github\HugoLab\static\htm\janssonkarlsson.htm","janssonkarlsson.htm","0"
"C:\github\HugoLab\static\htm\jeremicjansson.htm","jeremicjansson.htm","0"
"C:\github\HugoLab\static\htm\jeremichorling.htm","jeremichorling.htm","0"
"C:\github\HugoLab\static\htm\jeremiclarssoncomb.htm","jeremiclarssoncomb.htm","0"
"C:\github\HugoLab\static\htm\jeremiclarsson.htm","jeremiclarsson.htm","0"
"C:\github\HugoLab\static\htm\jeremiccederstrom.htm","jeremiccederstrom.htm","0"
"C:\github\HugoLab\static\htm\janssonnilsson.htm","janssonnilsson.htm","0"
"C:\github\HugoLab\static\htm\jeremicgunnarsson.htm","jeremicgunnarsson.htm","0"
"C:\github\HugoLab\static\htm\jeremicericson.htm","jeremicericson.htm","0"
"C:\github\HugoLab\static\htm\karl12.htm","karl12.htm","0"
"C:\github\HugoLab\static\htm\kyhleeriksson.htm","kyhleeriksson.htm","0"
"C:\github\HugoLab\static\htm\kubbel_remi_1914.htm","kubbel_remi_1914.htm","0"
"C:\github\HugoLab\static\htm\lagmatch_gbg_2010.htm","lagmatch_gbg_2010.htm","0"
"C:\github\HugoLab\static\htm\ladda ned.htm","ladda ned.htm","0"
"C:\github\HugoLab\static\htm\kubbel_1914.htm","kubbel_1914.htm","0"
"C:\github\HugoLab\static\htm\kubbel2.htm","kubbel2.htm","0"
"C:\github\HugoLab\static\htm\kubbel_1937.htm","kubbel_1937.htm","0"
"C:\github\HugoLab\static\htm\kubbel_1922.htm","kubbel_1922.htm","0"
"C:\github\HugoLab\static\htm\landinagrest.htm","landinagrest.htm","0"
"C:\github\HugoLab\static\htm\larssonpersson.htm","larssonpersson.htm","0"
"C:\github\HugoLab\static\htm\Larsen.htm","Larsen.htm","0"
"C:\github\HugoLab\static\htm\lasse_pos31.htm","lasse_pos31.htm","0"
"C:\github\HugoLab\static\htm\lasse_pos3.htm","lasse_pos3.htm","0"
"C:\github\HugoLab\static\htm\larabe1.htm","larabe1.htm","0"
"C:\github\HugoLab\static\htm\landinaikio.htm","landinaikio.htm","0"
"C:\github\HugoLab\static\htm\larsdimiter.htm","larsdimiter.htm","0"
"C:\github\HugoLab\static\htm\larabe2.htm","larabe2.htm","0"
"C:\github\HugoLab\static\htm\kotov.htm","kotov.htm","0"
"C:\github\HugoLab\static\htm\kereslevenfish.htm","kereslevenfish.htm","0"
"C:\github\HugoLab\static\htm\kasparianmanvelian.htm","kasparianmanvelian.htm","0"
"C:\github\HugoLab\static\htm\kjellpeter.htm","kjellpeter.htm","0"
"C:\github\HugoLab\static\htm\kingh3.htm","kingh3.htm","0"
"C:\github\HugoLab\static\htm\karlssonzivic.htm","karlssonzivic.htm","0"
"C:\github\HugoLab\static\htm\Karlslut.htm","Karlslut.htm","0"
"C:\github\HugoLab\static\htm\kashdanflohr.htm","kashdanflohr.htm","0"
"C:\github\HugoLab\static\htm\karolyiroder.htm","karolyiroder.htm","0"
"C:\github\HugoLab\static\htm\kjellsilin.htm","kjellsilin.htm","0"
"C:\github\HugoLab\static\htm\Knightmare.htm","Knightmare.htm","0"
"C:\github\HugoLab\static\htm\kmblixtslut.htm","kmblixtslut.htm","0"
"C:\github\HugoLab\static\htm\kortnojkraidman.htm","kortnojkraidman.htm","0"
"C:\github\HugoLab\static\htm\korstabell.htm","korstabell.htm","0"
"C:\github\HugoLab\static\htm\kjellslut3.htm","kjellslut3.htm","0"
"C:\github\HugoLab\static\htm\kjellslut2.htm","kjellslut2.htm","0"
"C:\github\HugoLab\static\htm\KM2017_rondlista.htm","KM2017_rondlista.htm","0"
"C:\github\HugoLab\static\htm\klubben.htm","klubben.htm","0"
